path	source_sha256	packaged_sha256	bytes	public_copy_transform
R/03_build_bulk_count_matrices.R	9329f9b1cd0dbed4600c3b3ba23ad8db70261e1b434ce72b7e76dd0e1238e8a8	9329f9b1cd0dbed4600c3b3ba23ad8db70261e1b434ce72b7e76dd0e1238e8a8	11466	none
R/04_bulk_global_qc_and_sample_lock.R	84211730cf4323410c150b482fd1344d541b8225441048752ebf64649998590e	84211730cf4323410c150b482fd1344d541b8225441048752ebf64649998590e	14628	none
R/05_lrrk2_bulk_expression_grade_association.R	d353f7bc030b3ab1c2ef756afc74e531ec97dc26a5cf4e92eb903a6cfbb9cfd4	d353f7bc030b3ab1c2ef756afc74e531ec97dc26a5cf4e92eb903a6cfbb9cfd4	15589	none
R/05b_export_lrrk2_bulk_figures.R	9e97b97c0ba67fba01651b523f88086663790d6fb5a8cb703f8a8d213184b85b	9e97b97c0ba67fba01651b523f88086663790d6fb5a8cb703f8a8d213184b85b	2751	none
R/06_lrrk2_continuous_os_survival.R	fcc062cfb93cefa2d43f5497aabedf29f80fa360c4bd287936c3c87232f65bfa	fcc062cfb93cefa2d43f5497aabedf29f80fa360c4bd287936c3c87232f65bfa	24628	none
R/07_lrrk2_continuous_transcriptome_deseq2.R	3b6f6e82ca9abdbdef2005f2d6b578c7e4b2d46f25e45d2350225946d3f7c387	3b6f6e82ca9abdbdef2005f2d6b578c7e4b2d46f25e45d2350225946d3f7c387	15902	none
R/08_lrrk2_cross_cohort_gsea.R	137a3b42da1ebfd835612e6c44fa76903bf32f30fad79c516fe23a1489b63966	137a3b42da1ebfd835612e6c44fa76903bf32f30fad79c516fe23a1489b63966	21616	none
R/09_export_lrrk2_pathway_figures.R	11b78402fd5ce59cb861ea64860b3f4d2d0fe396019a7a59f975333cfa2d2f4a	cb2287e744147b8d0037396ee2b0129ecd29ced914010313ff642cb3d33dac45	3293	portable_LRRK2_R_LIB
R/10_prepare_single_cell_gene_panel.R	47766810bc0b59f0a624d0a47899691dcc7f591aad3f447df04b51a2693d696c	21acf604bfa32a5c6138bdefae4946742138a81ee7a438707d45d925adc40577	1877	portable_LRRK2_R_LIB
R/11_build_single_cell_compact_objects_qc.R	69095532b27a8949b94db8c1d0c33bc7dc4998f5207e7cb50de4b39b6b885f60	0b3936e98628d24e039f66a22699638921afff44c44a80e9625ddb390c53f8cf	6024	portable_LRRK2_R_LIB
R/12_freeze_single_cell_qc_inclusion.R	beb6a0cd8c40c4680714199997c8710cbd7343b2e970843c10b4e22ed79dd79b	52d36a83bd547b01959212f36fa4ee403acf026488a4e230e282fb464b173566	1282	portable_LRRK2_R_LIB
R/13_export_single_cell_qc_figures.R	4e89b9e83e7705a610b26f3e3457f2bce8dd4ee81af7a3557e3f730e313cb164	c766fc737dba160f24cc82572366d5a8810c1331607d425effe17cc98e34749a	2819	portable_LRRK2_R_LIB
R/14_reference_assisted_single_cell_annotation.R	73c65d850c337ac36d1ef143075443cf3e1c7985cf06b5a34f77a37e07b9fab8	70f4d34abdd4974414417c3eded768c1f485ee3946e4103a386ea183ec922203	6211	portable_LRRK2_R_LIB
R/15_triangulate_single_cell_annotations.R	afe2ccac7b1ef6e5a33c487028ba482f503d1031b8af1d4af256751f3d568ce7	3823634a66541d668d676c7569eac9122f7fb6d15c053a78bd5ba7b2f96090cf	4125	portable_LRRK2_R_LIB
R/16_single_cell_lrrk2_patient_localization.R	9e709730f524566dca9f21738388202c4cdbac134399551a4c7d5fedc90039bc	e1577fca312e8522f3dfd5dcbfcc9b3161c1c23340c63ba28ebae8a411a46110	5646	portable_LRRK2_R_LIB
R/17_export_single_cell_lrrk2_localization_figure.R	f3292e5008466a24451ebae9e09b025a3b53a8aacb95a0c99c05be1873f8871d	2954c4f94d54e45fd9bc9c29f7d85d84b27569d4ddae9618ce84dfe8b3f10b61	2556	portable_LRRK2_R_LIB
R/18_score_single_cell_hallmark_programs.R	f0e9fb5633404d6c69010991e21c1d9f2e4132c01f25fd373e03cbd301776df2	03dbb1bcacc2787c0ecab025959f6ceaa92feae1d824e95ab5aab6775be3dc83	6066	portable_LRRK2_R_LIB
R/19_export_single_cell_hallmark_correlation_figure.R	da5666a3c23eb949004157e5a95a1af6e4838c57dd292976fa2bae2347758f37	66ea27d1c28d687bf7c13843428848c89fef3fabc5038cf8d1689b614be5c7ae	2466	portable_LRRK2_R_LIB
R/20_audit_single_cell_cnv_feasibility.R	bf97841ee7f51401ab07d87a76791813bfdf35c942bb842720bc1db809435bd0	73fcd42537bdc53894297bd2758e583c125c125afa76d41445b7240b7f3c2b0e	4106	portable_LRRK2_R_LIB
R/21_prepare_gencode_v36_gene_order.R	4b0b73701ec2096f6e0e8711d414dc562e3ac68bdfc0dc8785821836b8135c1c	1b2852b0d743ad07254e3d5b078c033872b0ebea5d15133ceb52366e52a18c80	1530	portable_LRRK2_R_LIB
R/22_infer_large_scale_cnv_expression_support.R	3ce3b813a10aeadc2cd1e3828fd76b64baae7bdaf5f3cf408ceac91bc7e04bd5	9afaa4b2ad34c24d69e7a1118b01fb4dae04011bb6809ae5ac80b91f7f1ef6c3	7624	portable_LRRK2_R_LIB
R/23_export_single_cell_cnv_support_figure.R	5b8292624427218558f5d02bbf7a0548bbaa47daa6da31da903e37790b887f67	a422e29b9158bd2c26f5161c3a58dd9703d522caec56f0e2f88f8a2914e02f9e	3928	portable_LRRK2_R_LIB
R/24_bulk_lrrk2_immune_dual_method_analysis.R	a287ef3391bca3bc22a424c46a18906951e9bebf90e88883674a280fe279532d	fb44e2dcae5d0158598c5f3c296cbab3b2cabdac2c8802475ae9adafc8ddc068	8192	portable_LRRK2_R_LIB
R/25_export_bulk_immune_dual_method_figure.R	9153dfcf0faaa8716f5741480feccc15165f75234f677eec0e754dee068a2f50	89248a21f545a302c16202d092570867d92e91d0492eb6644d950e85421b8e93	2945	portable_LRRK2_R_LIB
R/26_tcga_lrrk2_locus_cnv_expression.R	ef1c02da10fdaf9275ce61b1c74e93ed4fd3adb3a5ebbf39d83f04aff3d6032e	e6f123dc7d862abacf1c09d6fd21b20e5c44aa5c08e9a2da80c581439802daf5	4968	portable_LRRK2_R_LIB
R/27_tcga_driver_mutation_lrrk2_expression.R	b10f4a9844c9c63c4209d1b1d6b9ffcae1301b956d937099890e30957a10908d	c536209e359f0aec4932566a66bb35b3557377c6f4c93168ee64ade77657516c	5175	portable_LRRK2_R_LIB
R/28_export_tcga_multiomics_alternative_figure.R	5c957bd71b0f7482e63802628232f8b6cec77d7804e00f597f169fb9e45812d0	df4cf54a109842b293798b117284b5bbcd154f8f2c9de533a68748a43363200d	3309	portable_LRRK2_R_LIB
R/29_tcga_methylation_lrrk2_probe_audit.R	bc4ffe82df2247ee4be59154c2599c3bcd8e841aa9277ec00b06fee19acc07ee	bc4ffe82df2247ee4be59154c2599c3bcd8e841aa9277ec00b06fee19acc07ee	2233	none
R/30_tcga_lrrk2_methylation_expression.R	1240c8d9e1139a876c154b58a4201cf6701ed9288b2b4386958ca55711310083	2dffc7efe2f7331a0c2797be557a45ae8cafc125ffeece70ac1ba9aa559651b8	4320	portable_LRRK2_R_LIB
R/31_export_tcga_methylation_figure.R	e6f7227728ae84a474f52c8c4a406481484e2af690fcbec396374bab2fb78cca	a2c020ce6e4dcf34cc6349d0419e734c54b56cdc1d1cf45d62bfa0e4fe144f2a	2258	portable_LRRK2_R_LIB
R/32_tcga_lrrk2_targeted_multiomics_late_integration.R	9ce3392927df10c39f531bb29224cedb49610ea84bae0c130958445e4d47c07c	9aec3ea82b9de13c3574aad4e907bea0ab79020c1ee1c0983cb1c23f6c312426	4813	portable_LRRK2_R_LIB
R/33_export_tcga_targeted_multiomics_figure.R	c62727c21deb0a35f841fb946f0c51290c4a8ef04538e582f73cd33a79d945e1	73462f46c87c9de147bf2125aca4d0f882ecf16a1532a644a565be3e7d42af8a	2343	portable_LRRK2_R_LIB
R/34_export_final_manuscript_schematics.R	840d6a8b66537c77aa13bf5d40c84fda05ffee5506c86bb64bf6205143cba540	840d6a8b66537c77aa13bf5d40c84fda05ffee5506c86bb64bf6205143cba540	4624	none
R/35_export_label_free_sources_for_final_composition.R	57693138614e3002f98ce61bb47ea1f03ef0739d2f2fa81e40f18af33d2f2d91	b59895715f95cecfd55842091e2069d22d848b3adb941ce1526eb0582b67c3a4	9965	portable_LRRK2_R_LIB
R/36_supervisor_revision_survival_increment.R	372e2791a720a55e71962a0ae374d53b9e9592038e20f08a6a9b186c7d67f1f6	0932538098438a5d92f9271367e24387724c0c89be477a869a9a0ab3bbe67bd0	5152	portable_LRRK2_R_LIB
R/37_supervisor_revision_gbm_multiomics_robustness.R	2b25d2576f9743d61a931d94743374b5a765036dbadc76cf8e8080fc86f031af	be436f5b4cf5a08fa520e8151b7f06dfe07a5cbe047714dea4f0d15c0edc0969	5440	portable_LRRK2_R_LIB
R/38_supervisor_revision_supplementary_tables.R	a74bd3ec6e313e6f7d246acdd14653476c62e713d7999b83620e70fa1dfaa9c4	7bc28aed1b6ab6439ed646abf3452a43b06821faf099373e6cc1a703efa36650	3085	portable_LRRK2_R_LIB
R/39_build_revision_v4_figures.R	aef72bf8473dd77aed1c87ce4f5d52b757213897c1dffa2bdbe3d2f5d6d70f4b	761eb36f8878e446dffc8d88d3de347e2ed157196ec272023bd2058e4c842970	6077	portable_LRRK2_R_LIB
R/40_v6_idh_survival_sensitivity.R	1fe9a66c71f1d492b62d265cbc9d25d71cfefb0e1c8d4098eb7ee122ba139fbf	b55ef48dc64f659d829e628c5401ff1bb6144a3b7c8611c39297a386224b229b	8815	portable_LRRK2_R_LIB
R/44_myc_dna_repair_p53_axis_analysis.R	5abb09fd71f006d41c1d37caed4d07db7a07322850532f0a07139dcc0a092bf9	b088b95dcd9bc65bc0c02ec21ad361f5142b665a3e2bbfeffcb0ee823f9a6ac7	15723	portable_LRRK2_R_LIB
R/45_export_v7_damage_axis_figure.R	87c17017584db0648df02ddd406fabb3a8f7c5174fa63e0437562f107e8624f2	e7373d2faf1269b0773038bfca7803cc279c64034668aa118a4eed0079339fbc	4772	portable_LRRK2_R_LIB
R/50_v8_confirmatory_common_structure.R	c6fb1a559326021380245285f48d9d8616ba0b6c52a0c85a47921574008f8426	319afd021c3a6ee31086232e40d8f21303df3153ba5fa0bb20538e3993824428	10952	portable_LRRK2_R_LIB
R/51_export_v8_common_structure_figure.R	f5ff9e4ab665f77ba54b7e8d74d7fc4685b7de649d88007f3945ac1acd6aec05	7ec94479d965272891496a4c5a94ada772d6b15f66fa96cd306da95b0ad11c8b	5772	portable_LRRK2_R_LIB
R/55_v7_2_mito_lysosome_oxidative_state.R	0ff263d1ada9411c2ee6dbd425f89ab006e340d34b78babb5b9a9eed612b676d	36c2f64cab89d5bf06983b9ae7b194e36cb685f06f9a5e565e3ab8c3ed6cbf6d	8742	portable_LRRK2_R_LIB
R/56_export_v7_2_mito_lysosome_figure.R	a148f6786d433e253a6bc35d78ba8043e8b4b227aa56d31d824e8041321e7aad	c4fe751c6c734e477246cf479f15af69df405e23458455fc17a7b971d6729241	5829	portable_LRRK2_R_LIB
python/41_v6_single_cell_heterogeneity_audit.py	153f2fc13b30be464ae82dfaca43483c6ff4f699a634572dcdfc52c6a3c6416a	153f2fc13b30be464ae82dfaca43483c6ff4f699a634572dcdfc52c6a3c6416a	6532	none
python/acquire_cgga_expression.py	71a9883d00f1215a0f2a39a1712043884ae4379e725e71f22c48a0c0933ada62	71a9883d00f1215a0f2a39a1712043884ae4379e725e71f22c48a0c0933ada62	1468	none
python/acquire_gdc_file_manifests.py	36c10e4096a1670489feb8161d00504961efa04bbba2bbb067b65e875a36ff06	36c10e4096a1670489feb8161d00504961efa04bbba2bbb067b65e875a36ff06	5369	none
python/acquire_geo_supplementary.py	18d82628e94d8a1fa773c436a9910aa70ba1593f8e11c6bf63d85d93460e8f10	18d82628e94d8a1fa773c436a9910aa70ba1593f8e11c6bf63d85d93460e8f10	1595	none
python/acquire_metadata_snapshots.py	7ca4d0534597c59ea03c298d143c6b9df878f5f338b7d8b03a977a89c07ce4dd	7ca4d0534597c59ea03c298d143c6b9df878f5f338b7d8b03a977a89c07ce4dd	7482	none
python/acquire_pathway_gene_sets.py	bc0e141027e8c1fb9c5099268231bdc7b42c19207ef2192594ccbed344513029	bc0e141027e8c1fb9c5099268231bdc7b42c19207ef2192594ccbed344513029	4785	none
python/acquire_tcga_methylation_selected.py	2243e26bdf9c1ab8ead3096ab49709c2278f210d2d749ab33cac660c01942c01	2243e26bdf9c1ab8ead3096ab49709c2278f210d2d749ab33cac660c01942c01	4420	none
python/acquire_tcga_selected_cnv_mutation.py	aeec305cb6e777f21a084a391cb779f694ba14b259f2bab326aadf34032d623c	aeec305cb6e777f21a084a391cb779f694ba14b259f2bab326aadf34032d623c	1472	none
python/acquire_tcga_selected_rna.py	86d6386378e2de6f3a19fae5d5e19cdb8b72fb4f19ea6d39a15919221b369061	86d6386378e2de6f3a19fae5d5e19cdb8b72fb4f19ea6d39a15919221b369061	1471	none
python/acquire_tcga_survival_clinical.py	72c1dc81200374749872ccc13fd0fe1fd04ed0064a385bc70c94683720559a52	72c1dc81200374749872ccc13fd0fe1fd04ed0064a385bc70c94683720559a52	2577	none
python/acquisition_utils.py	151dd1b57e9f5dcf3a8b8ed01eb6e6cd5b13a64f615d264a02915d4fff7d4c5b	151dd1b57e9f5dcf3a8b8ed01eb6e6cd5b13a64f615d264a02915d4fff7d4c5b	3889	none
python/audit_abstract_and_figure_freeze.py	da14c927fa23169c4404f060cb1ff923de8706a491f4c7786278ff207c7028f8	da14c927fa23169c4404f060cb1ff923de8706a491f4c7786278ff207c7028f8	3432	none
python/audit_english_manuscript_v1.py	84372d5a2c07399286bf16c70ccbccbd7020044800f18890ffee3922d7d9002f	84372d5a2c07399286bf16c70ccbccbd7020044800f18890ffee3922d7d9002f	3277	none
python/audit_final_manuscript_figures.py	0ce93104d6752433b2b5b3cbd32dc76979ab0d0190890a916e44cd7d2dc05c4a	0ce93104d6752433b2b5b3cbd32dc76979ab0d0190890a916e44cd7d2dc05c4a	4669	none
python/audit_final_manuscript_v2.py	a025d331994092efaf1f3c4d7f988690365b3292515dff96471fda12b3b24d95	a025d331994092efaf1f3c4d7f988690365b3292515dff96471fda12b3b24d95	3112	none
python/audit_manuscript_references.py	b54f3384803189b4b524e49d199d9b5c7dbde25fbaad13f92c6a9929031a0c40	b54f3384803189b4b524e49d199d9b5c7dbde25fbaad13f92c6a9929031a0c40	2898	none
python/audit_myc_dna_p53_axis.py	0c93e823f939ceee86c72241eea5c96e292bf47d6cfca2c22c9acc3b23a88abf	0c93e823f939ceee86c72241eea5c96e292bf47d6cfca2c22c9acc3b23a88abf	3798	none
python/audit_registered_artifacts.py	462429d749adf13ab4d3e729caacbffeae254370a8b4a3a4cb6a3405eb0d736e	462429d749adf13ab4d3e729caacbffeae254370a8b4a3a4cb6a3405eb0d736e	2489	none
python/audit_revision_v4_submission_package.py	d204ecfc41c35a3119bcca9d2ec2e22b84b49b631fff138563aa9889fd22b641	d204ecfc41c35a3119bcca9d2ec2e22b84b49b631fff138563aa9889fd22b641	5048	none
python/audit_single_cell_inputs.py	628a58b8e02fe453a3ea5efd320fcfda2e673138c9875897c091334bcd50724a	628a58b8e02fe453a3ea5efd320fcfda2e673138c9875897c091334bcd50724a	2151	none
python/audit_submission_package_2026_08_02.py	ef11f4e94205acbb034cf89dd47f8d0d2a59c892f001d431500afb582b582096	ef11f4e94205acbb034cf89dd47f8d0d2a59c892f001d431500afb582b582096	2663	none
python/audit_supervisor_revision.py	21d3d4a335dc5600dcbf8394933670a5bf34be34dc14b500b46d88c675e0bc81	21d3d4a335dc5600dcbf8394933670a5bf34be34dc14b500b46d88c675e0bc81	3624	none
python/audit_tcga_methylation_feasibility.py	1339fa8acbb85afdf58d6aa12a94cd559d4fbe8e65be2c83a8ecaa056311c27d	1339fa8acbb85afdf58d6aa12a94cd559d4fbe8e65be2c83a8ecaa056311c27d	4934	none
python/audit_tcga_methylation_probe_coverage.py	db197188afeef2aa73b2d64532a156fe9cf0b57c6e2e176d221f3c862f42dd02	db197188afeef2aa73b2d64532a156fe9cf0b57c6e2e176d221f3c862f42dd02	1504	none
python/audit_tcga_multiomics_correspondence.py	b6ebd7bc8628fc3f50e8a60b9881fbf03ee84c62a1af43025cfe454994f3a58c	b6ebd7bc8628fc3f50e8a60b9881fbf03ee84c62a1af43025cfe454994f3a58c	3661	none
python/audit_v3_preservation.py	952733f6dc79980a1b1f66f7fa313140406894a6d672e1ccc4af4185a431e6f1	952733f6dc79980a1b1f66f7fa313140406894a6d672e1ccc4af4185a431e6f1	1669	none
python/audit_v5_revision_preservation.py	429c62a35e74d33bdf5591857808fbe5450efdab442433174f0dca1df980d8e8	429c62a35e74d33bdf5591857808fbe5450efdab442433174f0dca1df980d8e8	1007	none
python/audit_v6_manuscript_preservation.py	8769b042dd9b857619c51bade2f125de381d99cc85d5fbfc4d9292ff7f54eea4	8769b042dd9b857619c51bade2f125de381d99cc85d5fbfc4d9292ff7f54eea4	954	none
python/audit_v6_revision.py	a38e864f7d6a2aca9e892a8c64be51bf8d3e8c3b668d37eb7f79c38a2fe27524	a38e864f7d6a2aca9e892a8c64be51bf8d3e8c3b668d37eb7f79c38a2fe27524	4115	none
python/audit_v7_manuscript.py	23a920688cccd6ab99e591e05082482340eecc7bdc4dd81a0314bcc5b18b194c	23a920688cccd6ab99e591e05082482340eecc7bdc4dd81a0314bcc5b18b194c	4174	none
python/build_compact_single_cell_inputs.py	c5e8e7169d235a36fa448c2c62abd5030278f9f96f8178f3150dde813560597d	c5e8e7169d235a36fa448c2c62abd5030278f9f96f8178f3150dde813560597d	2982	none
python/build_metadata_maps.py	6e289dfecb37c106e048c1ad3de48c48ca5b00a0cb1118af1c7663e6c4004509	6e289dfecb37c106e048c1ad3de48c48ca5b00a0cb1118af1c7663e6c4004509	15565	none
python/build_single_cell_full_pseudobulk.py	30dd611d88489c521c12d056e5a1799a0b1b64a92005978c9d809e363236b591	30dd611d88489c521c12d056e5a1799a0b1b64a92005978c9d809e363236b591	3162	none
python/build_single_cell_sample_manifest.py	2a2886f2f9ed9861b393a3d6c418515bc53078c05516101583c509d4e84a11b2	2a2886f2f9ed9861b393a3d6c418515bc53078c05516101583c509d4e84a11b2	2046	none
python/build_survival_metadata.py	dbbf20cc9f490a4b8bd1bc4bba492a084d3332d580c0de8bd56b07703e1fad92	dbbf20cc9f490a4b8bd1bc4bba492a084d3332d580c0de8bd56b07703e1fad92	3632	none
python/build_tcga_assay_map.py	ae2aaee5728604d31fe4ec0a8e88e3a71a97600add423203bfd682802d29e76a	ae2aaee5728604d31fe4ec0a8e88e3a71a97600add423203bfd682802d29e76a	10080	none
python/build_tcga_lrrk2_methylation_matrix.py	e1a4e316402f152c07c545a59249396f18ad7a5a0ea3a9ba0e43597d705d0ffe	e1a4e316402f152c07c545a59249396f18ad7a5a0ea3a9ba0e43597d705d0ffe	1532	none
python/export_bulk_immune_dual_method_editable_svg.py	01ecb79995185d5b349f0ffdf070805ba1a6f48cb431b51accb93781837af109	01ecb79995185d5b349f0ffdf070805ba1a6f48cb431b51accb93781837af109	2586	none
python/export_bulk_qc_editable_svg.py	90bca86147a0ef4c6a04dc3d2361f589086d99eac5367da5f7593770a4f938ca	90bca86147a0ef4c6a04dc3d2361f589086d99eac5367da5f7593770a4f938ca	6456	none
python/export_final_schematics_editable_svg.py	7b4b12377410ef71adc0c67b7e47d073bdb288a6c8bee89811b7119dbc4fe984	7b4b12377410ef71adc0c67b7e47d073bdb288a6c8bee89811b7119dbc4fe984	4152	none
python/export_lrrk2_bulk_editable_svg.py	f084327fd9caf49e3038a2fe7b9a007246ad9d655af9abd2c76274de2f8df8bf	f084327fd9caf49e3038a2fe7b9a007246ad9d655af9abd2c76274de2f8df8bf	5601	none
python/export_lrrk2_pathway_editable_svg.py	be338911b4e192accd4f96be3ece8914f27359a9f3fcf47aa1f56f81926ff9e5	be338911b4e192accd4f96be3ece8914f27359a9f3fcf47aa1f56f81926ff9e5	2271	none
python/export_lrrk2_survival_editable_svg.py	1991703f9b0f3a3ec177f092156f62b952118af71bf879e341b7fac9caf20389	1991703f9b0f3a3ec177f092156f62b952118af71bf879e341b7fac9caf20389	7374	none
python/export_single_cell_cnv_support_editable_svg.py	8839cbeb26c1cd3bc74a98da2cb3fb4bca71da9fd5935f443208a7bafbb1b5e5	8839cbeb26c1cd3bc74a98da2cb3fb4bca71da9fd5935f443208a7bafbb1b5e5	4718	none
python/export_single_cell_hallmark_editable_svg.py	cd478dc3e85610e46a741e155528d0dfe72c85127cd1cc75e24c05ef9b6928dc	cd478dc3e85610e46a741e155528d0dfe72c85127cd1cc75e24c05ef9b6928dc	2511	none
python/export_single_cell_lrrk2_localization_editable_svg.py	6bd2ad3ac1186e228d8dcd851540cee7ee51692c36b48e9b5a3fee3e55d8091d	6bd2ad3ac1186e228d8dcd851540cee7ee51692c36b48e9b5a3fee3e55d8091d	2560	none
python/export_single_cell_qc_editable_svg.py	acdb813645c8d00ea90f56ef7fc6d5fa8ccfb4bce3fe85860c3cd8f03903927b	acdb813645c8d00ea90f56ef7fc6d5fa8ccfb4bce3fe85860c3cd8f03903927b	2937	none
python/export_tcga_methylation_editable_svg.py	66f0d757939674b460a2f294ca6de0d7b0c796e2d218ff1332a730bc97706f91	66f0d757939674b460a2f294ca6de0d7b0c796e2d218ff1332a730bc97706f91	3168	none
python/export_tcga_multiomics_alternative_editable_svg.py	f0b9d4c9765044de97fac119635fcc308cb89e0303ebcfb32636dae89246a018	f0b9d4c9765044de97fac119635fcc308cb89e0303ebcfb32636dae89246a018	2662	none
python/export_tcga_targeted_multiomics_editable_svg.py	8ddb2352e4b0bb1d6a39b13e312a8b74e0cca0ac5fcb7577008c0fbef77d1946	8ddb2352e4b0bb1d6a39b13e312a8b74e0cca0ac5fcb7577008c0fbef77d1946	2867	none
python/freeze_single_cell_input_inclusion.py	5c231429726cc4759e33231237ce564a5bc9f97896836b185307c561ef3010eb	5c231429726cc4759e33231237ce564a5bc9f97896836b185307c561ef3010eb	1818	none
python/protect_raw_data.py	9a31e99f58a4f23168afc0c8a10f668aa55d1fc0ab4fe19a681f92a5cc873e58	9a31e99f58a4f23168afc0c8a10f668aa55d1fc0ab4fe19a681f92a5cc873e58	1453	none
python/register_abstract_figure_freeze_artifacts.py	547cf1d3fa0600e8988948c652eb35622669003ab3498d3ae9ceb860697098a9	547cf1d3fa0600e8988948c652eb35622669003ab3498d3ae9ceb860697098a9	2738	none
python/register_bulk_global_qc_artifacts.py	2c1eaee16426b90d6e7cef4c90797c6d492fd796b68e06624539f81ead5e6c14	2c1eaee16426b90d6e7cef4c90797c6d492fd796b68e06624539f81ead5e6c14	4285	none
python/register_bulk_immune_artifacts.py	69ec546eeb44bef1feaf832016c9bd6e8ee71a79ab36f6241b98661ffe6f79f3	69ec546eeb44bef1feaf832016c9bd6e8ee71a79ab36f6241b98661ffe6f79f3	3820	none
python/register_bulk_qc_artifacts.py	0e1862b67fd1312de53af07a53068dddb6d6c045d364822cec9507a58cd8b4d6	0e1862b67fd1312de53af07a53068dddb6d6c045d364822cec9507a58cd8b4d6	3832	none
python/register_english_manuscript_v1.py	1789780e4e4b82382ecdbdca49a3b90cc67e58d6bdd2b9d90acd8766966c53ad	1789780e4e4b82382ecdbdca49a3b90cc67e58d6bdd2b9d90acd8766966c53ad	2748	none
python/register_final_manuscript_figures.py	103272e605ad1e78e175cde53f33f5288570d24a2cb3aa077f1240f751961ed5	103272e605ad1e78e175cde53f33f5288570d24a2cb3aa077f1240f751961ed5	4309	none
python/register_final_manuscript_v2.py	cda2fd6db9aeb0f01b456826a00029d38d8b129b4c5a465f1ad2ca18087ceb9a	cda2fd6db9aeb0f01b456826a00029d38d8b129b4c5a465f1ad2ca18087ceb9a	2934	none
python/register_lrrk2_bulk_expression_artifacts.py	154ddd17fdaf9bd58ea16eb08fdcad8be64530ba57f4e3822474bf2200d95871	154ddd17fdaf9bd58ea16eb08fdcad8be64530ba57f4e3822474bf2200d95871	4495	none
python/register_lrrk2_pathway_artifacts.py	8e207e7a24962faaab1c391b6144e4bb6e8be34bf0a312de986f049c1f2d0b12	8e207e7a24962faaab1c391b6144e4bb6e8be34bf0a312de986f049c1f2d0b12	3857	none
python/register_lrrk2_survival_artifacts.py	6231da7f2f4c7f9267b8899d65eaadd0f8ce5cdfc58544333c200b4d155edb46	6231da7f2f4c7f9267b8899d65eaadd0f8ce5cdfc58544333c200b4d155edb46	4246	none
python/register_lrrk2_transcriptome_artifacts.py	6b5b3d43de1dd7bfb17e2dc8c199dd9e61f17b3079ba577fc011d5f0aa272050	6b5b3d43de1dd7bfb17e2dc8c199dd9e61f17b3079ba577fc011d5f0aa272050	3507	none
python/register_manuscript_drafts_and_references.py	08e044823739f3e2449d0fc65c1b369439c25e53cea30f09262e4675131ad42f	08e044823739f3e2449d0fc65c1b369439c25e53cea30f09262e4675131ad42f	2662	none
python/register_manuscript_evidence_artifacts.py	5061e0a5fdf27816a0ca910616458c21e76ba6056ac88240d468c0a587860166	5061e0a5fdf27816a0ca910616458c21e76ba6056ac88240d468c0a587860166	2881	none
python/register_myc_dna_p53_axis_artifacts.py	1ba266f5ad60bdeec434af4dc0f65cbfabf8bb36fdda1b517e82ce269a45d90d	1ba266f5ad60bdeec434af4dc0f65cbfabf8bb36fdda1b517e82ce269a45d90d	3474	none
python/register_pathway_gene_set_sources.py	041707c6b42bdf820dc4cc017774fcddbe689b9ab4f4f357d14e8a1d2af40f27	041707c6b42bdf820dc4cc017774fcddbe689b9ab4f4f357d14e8a1d2af40f27	3942	none
python/register_revision_v4_package_artifacts.py	5468dffc4124692ff17f723a69bf2cb4b1a8fb8b6c6b4431295337a5d6505381	5468dffc4124692ff17f723a69bf2cb4b1a8fb8b6c6b4431295337a5d6505381	2803	none
python/register_single_cell_annotation_artifacts.py	f873b93e4edfb5ef1eefe76c79393f7e3cffff346633606e9ad8ed53c3f9abfe	f873b93e4edfb5ef1eefe76c79393f7e3cffff346633606e9ad8ed53c3f9abfe	2904	none
python/register_single_cell_cnv_artifacts.py	ca97f889dff325c2cc9d79172c13f003c153c82100f6754d36c395b413d43867	ca97f889dff325c2cc9d79172c13f003c153c82100f6754d36c395b413d43867	4267	none
python/register_single_cell_hallmark_artifacts.py	f40eecb79dab76d3c82c30e836e39698bc3c4dd06373a79a0ca8746ede008b2f	f40eecb79dab76d3c82c30e836e39698bc3c4dd06373a79a0ca8746ede008b2f	4400	none
python/register_single_cell_input_audit_artifacts.py	917b1b24fff9233296c42a9cce329a199697d28e64f36d8069ff63787b19f991	917b1b24fff9233296c42a9cce329a199697d28e64f36d8069ff63787b19f991	3005	none
python/register_single_cell_lrrk2_localization_artifacts.py	c3bc8ecbda78ad8c0e3b5ac98e858bf3b643c313b48f4fa8baae64fab6e809c5	c3bc8ecbda78ad8c0e3b5ac98e858bf3b643c313b48f4fa8baae64fab6e809c5	3121	none
python/register_single_cell_preprocessing_artifacts.py	8683b2a02ce9d4fd6b59142ce95fcb3d2aeea7c9885ba5e06c40ef75739a9037	8683b2a02ce9d4fd6b59142ce95fcb3d2aeea7c9885ba5e06c40ef75739a9037	3364	none
python/register_stage_audit_and_methylation_feasibility.py	befdc59eca2706fca06e4066261b50ad33f94d27f87ff29a813af9076eaef0a3	befdc59eca2706fca06e4066261b50ad33f94d27f87ff29a813af9076eaef0a3	4126	none
python/register_supervisor_revision_artifacts.py	8fdbb0affe2d7bfb0a1a40527bd6d5abcc1e948689f43c26282372af5f7eae7d	8fdbb0affe2d7bfb0a1a40527bd6d5abcc1e948689f43c26282372af5f7eae7d	4892	none
python/register_tcga_cnv_mutation_artifacts.py	d8bc92a04509e9b123cbd7726b5dc8e95f317d78ab6383b7f7ccc054af4348a0	d8bc92a04509e9b123cbd7726b5dc8e95f317d78ab6383b7f7ccc054af4348a0	3730	none
python/register_tcga_methylation_artifacts.py	b96a2c6456c0265f6edf5da34e4a6dcb3f85d4eb215dd30c1e3823a1f4078723	b96a2c6456c0265f6edf5da34e4a6dcb3f85d4eb215dd30c1e3823a1f4078723	4360	none
python/register_tcga_methylation_results.py	153e7b3b796b4aefd7c23768b539d49a3b8555c7233bdd4b2d0aa685f847adf8	153e7b3b796b4aefd7c23768b539d49a3b8555c7233bdd4b2d0aa685f847adf8	3869	none
python/register_tcga_multiomics_design_artifacts.py	77b8278e1ee981fdb5ce7481040725e487b3fd02c52482accb21c93bca3b5151	77b8278e1ee981fdb5ce7481040725e487b3fd02c52482accb21c93bca3b5151	2333	none
python/register_tcga_targeted_multiomics_results.py	4e9b66a34ff0b5f96f50f4f5db88b98ac5c3a1bbcb8a7b9dd34e25afe395b7d0	4e9b66a34ff0b5f96f50f4f5db88b98ac5c3a1bbcb8a7b9dd34e25afe395b7d0	2480	none
python/register_v6_revision_artifacts.py	74283063a47ddba847d8bee8556723905e4ad5847d245f85689a147c6493499d	74283063a47ddba847d8bee8556723905e4ad5847d245f85689a147c6493499d	4487	none
python/register_v7_artifacts.py	5e708fef10086964ab4d63ab8bc3c08087513df6f7aa1a1eb4f697ecca05e40d	5e708fef10086964ab4d63ab8bc3c08087513df6f7aa1a1eb4f697ecca05e40d	3553	none
python/select_tcga_cnv_mutation_files.py	8178b3061ba3f0552b127c0c7e0e0bc1ee6d37f22fedf4e5437f3b679db3de30	8178b3061ba3f0552b127c0c7e0e0bc1ee6d37f22fedf4e5437f3b679db3de30	2957	none
python/select_tcga_methylation_download.py	5ce5570799ad4ab3fbf678267075d97eac220ff4f4769984335466a5b1b5d8b0	5ce5570799ad4ab3fbf678267075d97eac220ff4f4769984335466a5b1b5d8b0	1655	none
python/summarize_acquisition.py	99197c4619d39f0ce545e585c2722b7d600263c8437af31c731df790a0076262	99197c4619d39f0ce545e585c2722b7d600263c8437af31c731df790a0076262	3177	none
python/summarize_clinical_metadata.py	501b9d299506680cd7f474bf1d9d660157ae2efa128ab88362cec118ecba8439	501b9d299506680cd7f474bf1d9d660157ae2efa128ab88362cec118ecba8439	1789	none
python/validate_single_cell_expression_inputs.py	a3f4a802f3e3d9cb47f3915628c7b5fe70c53d65edf0e9deb0bd12ec1493f43b	a3f4a802f3e3d9cb47f3915628c7b5fe70c53d65edf0e9deb0bd12ec1493f43b	5619	none
